,target_name,social_reward,path,energy_cost,total_score,final_target,simulation_index
0,C,0.0977279399473731,0.19230769230769232,0.45740608139494804,-0.35967814144757493,F,1
1,D,0.10410836529312936,0.3076923076923077,0.5232122209664899,-0.4191038556733605,F,1
2,E,0.11412281943722945,0.2692307692307692,0.5096766758686314,-0.39555385643140195,F,1
3,F,0.15897983887526612,0.23076923076923078,0.48818705017383146,-0.32920721129856534,F,1
0,C,0.0977279399473731,0.21875,0.4796411107998991,-0.38191317085252596,E,2
1,D,0.10410836529312936,0.3125,0.5243974703476992,-0.42028910505456984,E,2
2,E,0.11412281943722945,0.15625,0.4184487351738497,-0.3043259157366202,E,2
3,F,0.15897983887526612,0.3125,0.5243974703476992,-0.3654176314724331,E,2
0,C,0.0977279399473731,0.36,0.5306152277996684,-0.4328872878522953,E,3
1,D,0.10410836529312936,0.16,0.42301699036395596,-0.3189086250708266,E,3
2,E,0.11412281943722945,0.12,0.3670672426864282,-0.25294442324919875,E,3
3,F,0.15897983887526612,0.36,0.5306152277996684,-0.3716353889244023,E,3
0,C,0.0977279399473731,0.11764705882352941,0.36323092250003997,-0.26550298255266686,C,4
1,D,0.10410836529312936,0.17647058823529413,0.44161770715220877,-0.33750934185907944,C,4
2,E,0.11412281943722945,0.4117647058823529,0.5271032608440674,-0.412980441406838,C,4
3,F,0.15897983887526612,0.29411764705882354,0.5192749254008756,-0.3602950865256095,C,4
0,C,0.0977279399473731,0.3548387096774194,0.5304003744917857,-0.43267243454441257,E,5
1,D,0.10410836529312936,0.2903225806451613,0.5180142509839053,-0.4139058856907759,E,5
2,E,0.11412281943722945,0.12903225806451613,0.3811866206950807,-0.26706380125785123,E,5
3,F,0.15897983887526612,0.22580645161290322,0.48477063607435156,-0.32579079719908544,E,5
0,C,0.0977279399473731,0.24324324324324326,0.4961014939913443,-0.3983735540439712,E,6
1,D,0.10410836529312936,0.35135135135135137,0.5301939842524905,-0.42608561895936115,E,6
2,E,0.11412281943722945,0.13513513513513514,0.3902061176677821,-0.27608329823055267,E,6
3,F,0.15897983887526612,0.2702702702702703,0.5101419650652939,-0.35116212619002773,E,6
0,C,0.0977279399473731,0.21951219512195122,0.48021080557516926,-0.38248286562779615,D,7
1,D,0.10410836529312936,0.14634146341463414,0.40574480544833086,-0.3016364401552015,D,7
2,E,0.11412281943722945,0.34146341463414637,0.529335589166993,-0.4152127697297635,D,7
3,F,0.15897983887526612,0.2926829268292683,0.5188066840673935,-0.3598268451921274,D,7
0,C,0.0977279399473731,0.41379310344827586,0.5267662735474825,-0.4290383336001094,D,8
1,D,0.10410836529312936,0.10344827586206896,0.33858812011100853,-0.23447975481787917,D,8
2,E,0.11412281943722945,0.13793103448275862,0.39420427519000995,-0.2800814557527805,D,8
3,F,0.15897983887526612,0.3448275862068966,0.5296734138759344,-0.37069357500066824,D,8
0,C,0.0977279399473731,0.36,0.5306152277996684,-0.4328872878522953,E,9
1,D,0.10410836529312936,0.24,0.4941344853728565,-0.39002612007972715,E,9
2,E,0.11412281943722945,0.12,0.3670672426864282,-0.25294442324919875,E,9
3,F,0.15897983887526612,0.28,0.5142203549607938,-0.35524051608552765,E,9
0,C,0.0977279399473731,0.2,0.46438561897747244,-0.3666576790300993,D,10
1,D,0.10410836529312936,0.15,0.4105448391249309,-0.3064364738318015,D,10
2,E,0.11412281943722945,0.325,0.5269837224425379,-0.4128609030053084,D,10
3,F,0.15897983887526612,0.325,0.5269837224425379,-0.36800388356727176,D,10
0,C,0.0977279399473731,0.23333333333333334,0.48989165716188005,-0.39216371721450693,D,11
1,D,0.10410836529312936,0.16666666666666666,0.430827083453526,-0.32671871816039666,D,11
2,E,0.11412281943722945,0.26666666666666666,0.5085041588289383,-0.39438133939170883,D,11
3,F,0.15897983887526612,0.3333333333333333,0.5283208335737187,-0.3693409946984526,D,11
0,C,0.0977279399473731,0.16,0.42301699036395596,-0.32528905041658285,C,12
1,D,0.10410836529312936,0.32,0.5260339807279119,-0.42192561543478246,C,12
2,E,0.11412281943722945,0.28,0.5142203549607938,-0.4000975355235643,C,12
3,F,0.15897983887526612,0.24,0.4941344853728565,-0.33515464649759036,C,12
0,C,0.0977279399473731,0.21428571428571427,0.4762269474292389,-0.37849900748186577,E,13
1,D,0.10410836529312936,0.17857142857142858,0.44382621913754317,-0.3397178538444138,E,13
2,E,0.11412281943722945,0.17857142857142858,0.44382621913754317,-0.3297033997003137,E,13
3,F,0.15897983887526612,0.42857142857142855,0.5238824662870492,-0.36490262741178303,E,13
0,C,0.0977279399473731,0.2894736842105263,0.5177224958649782,-0.4199945559176051,F,14
1,D,0.10410836529312936,0.42105263157894735,0.5254431635551939,-0.42133479826206455,F,14
2,E,0.11412281943722945,0.18421052631578946,0.44957916157110184,-0.3354563421338724,F,14
3,F,0.15897983887526612,0.10526315789473684,0.34188710667827216,-0.18290726780300604,F,14
0,C,0.0977279399473731,0.34146341463414637,0.529335589166993,-0.43160764921961986,F,15
1,D,0.10410836529312936,0.3902439024390244,0.5297763920460814,-0.425668026752952,F,15
2,E,0.11412281943722945,0.21951219512195122,0.48021080557516926,-0.3660879861379398,F,15
3,F,0.15897983887526612,0.04878048780487805,0.21256351242039434,-0.05358367354512822,F,15
0,C,0.0977279399473731,0.37142857142857144,0.5307132252700104,-0.4329852853226373,E,16
1,D,0.10410836529312936,0.11428571428571428,0.3576323447937104,-0.25352397950058103,E,16
2,E,0.11412281943722945,0.05714285714285714,0.23595902953971234,-0.1218362101024829,E,16
3,F,0.15897983887526612,0.45714285714285713,0.5162436648891275,-0.3572638260138614,E,16
0,C,0.0977279399473731,0.25,0.5,-0.4022720600526269,F,17
1,D,0.10410836529312936,0.20833333333333334,0.47146550121537373,-0.3673571359222444,F,17
2,E,0.11412281943722945,0.4166666666666667,0.5262643357640807,-0.41214151632685125,F,17
3,F,0.15897983887526612,0.125,0.375,-0.21602016112473388,F,17
0,C,0.0977279399473731,0.2222222222222222,0.48220555587606945,-0.38447761592869634,F,18
1,D,0.10410836529312936,0.25925925925925924,0.5049158541015204,-0.400807488808391,F,18
2,E,0.11412281943722945,0.3333333333333333,0.5283208335737187,-0.41419801413648927,F,18
3,F,0.15897983887526612,0.18518518518518517,0.45054803838446417,-0.29156819950919804,F,18
0,C,0.0977279399473731,0.17777777777777778,0.44299610601416445,-0.34526816606679134,F,19
1,D,0.10410836529312936,0.26666666666666666,0.5085041588289383,-0.4043957935358089,F,19
2,E,0.11412281943722945,0.3333333333333333,0.5283208335737187,-0.41419801413648927,F,19
3,F,0.15897983887526612,0.2222222222222222,0.48220555587606945,-0.3232257170008033,F,19
0,C,0.0977279399473731,0.30952380952380953,0.5236764323878497,-0.42594849244047656,E,20
1,D,0.10410836529312936,0.21428571428571427,0.4762269474292389,-0.3721185821361095,E,20
2,E,0.11412281943722945,0.14285714285714285,0.40105070315108626,-0.2869278837138568,E,20
3,F,0.15897983887526612,0.3333333333333333,0.5283208335737187,-0.3693409946984526,E,20
0,C,0.0977279399473731,0.32432432432432434,0.5268619021322574,-0.42913396218488425,D,21
1,D,0.10410836529312936,0.13513513513513514,0.3902061176677821,-0.28609775237465274,D,21
2,E,0.11412281943722945,0.2702702702702703,0.5101419650652939,-0.3960191456280644,D,21
3,F,0.15897983887526612,0.2702702702702703,0.5101419650652939,-0.35116212619002773,D,21
0,C,0.0977279399473731,0.061224489795918366,0.2467192251057583,-0.14899128515838522,C,22
1,D,0.10410836529312936,0.3673469387755102,0.5307372891451454,-0.426628923852016,C,22
2,E,0.11412281943722945,0.20408163265306123,0.46791464269956035,-0.3537918232623309,C,22
3,F,0.15897983887526612,0.3673469387755102,0.5307372891451454,-0.3717574502698793,C,22
0,C,0.0977279399473731,0.30434782608695654,0.5223238799128636,-0.42459593996549044,F,23
1,D,0.10410836529312936,0.1956521739130435,0.4604941867724414,-0.3563858214793121,F,23
2,E,0.11412281943722945,0.2826086956521739,0.5152301976718906,-0.40110737823466114,F,23
3,F,0.15897983887526612,0.21739130434782608,0.47861605677601093,-0.3196362179007448,F,23
0,C,0.0977279399473731,0.3409090909090909,0.529275348759811,-0.43154740881243786,E,24
1,D,0.10410836529312936,0.1590909090909091,0.42192129263767847,-0.31781292734454913,E,24
2,E,0.11412281943722945,0.1590909090909091,0.42192129263767847,-0.307798473200449,E,24
3,F,0.15897983887526612,0.3409090909090909,0.529275348759811,-0.37029550988454485,E,24
0,C,0.0977279399473731,0.26666666666666666,0.5085041588289383,-0.4107762188815652,F,25
1,D,0.10410836529312936,0.2222222222222222,0.48220555587606945,-0.3780971905829401,F,25
2,E,0.11412281943722945,0.37777777777777777,0.5305474296966377,-0.41642461025940825,F,25
3,F,0.15897983887526612,0.13333333333333333,0.3875854127478025,-0.22860557387253638,F,25
0,C,0.0977279399473731,0.3076923076923077,0.5232122209664899,-0.4254842810191168,E,26
1,D,0.10410836529312936,0.23076923076923078,0.48818705017383146,-0.38407868488070207,E,26
2,E,0.11412281943722945,0.07692307692307693,0.28464920908777636,-0.1705263896505469,E,26
3,F,0.15897983887526612,0.38461538461538464,0.5301967781745115,-0.3712169392992454,E,26
0,C,0.0977279399473731,0.12121212121212122,0.36901746901314586,-0.27128952906577275,C,27
1,D,0.10410836529312936,0.2727272727272727,0.5112188503407658,-0.40711048504763636,C,27
2,E,0.11412281943722945,0.18181818181818182,0.44716938520678134,-0.3330465657695519,C,27
3,F,0.15897983887526612,0.42424242424242425,0.5248045079458148,-0.36582466907054867,C,27
0,C,0.0977279399473731,0.38235294117647056,0.5303323706005946,-0.43260443065322146,E,28
1,D,0.10410836529312936,0.23529411764705882,0.49116772735302106,-0.38705936205989167,E,28
2,E,0.11412281943722945,0.08823529411764706,0.30904414769375144,-0.19492132825652198,E,28
3,F,0.15897983887526612,0.29411764705882354,0.5192749254008756,-0.3602950865256095,E,28
0,C,0.0977279399473731,0.3888888888888889,0.5298883642051643,-0.43216042425779116,F,29
1,D,0.10410836529312936,0.2222222222222222,0.48220555587606945,-0.3780971905829401,F,29
2,E,0.11412281943722945,0.2222222222222222,0.48220555587606945,-0.36808273643884,F,29
3,F,0.15897983887526612,0.16666666666666666,0.430827083453526,-0.2718472445782599,F,29
0,C,0.0977279399473731,0.2413793103448276,0.49497870729275095,-0.39725076734537784,E,30
1,D,0.10410836529312936,0.4827586206896552,0.5071987938958467,-0.40309042860271727,E,30
2,E,0.11412281943722945,0.10344827586206896,0.33858812011100853,-0.22446530067377907,E,30
3,F,0.15897983887526612,0.1724137931034483,0.43725050004141547,-0.27827066116614935,E,30
0,C,0.0977279399473731,0.13636363636363635,0.39197306153401923,-0.2942451215866461,D,31
1,D,0.10410836529312936,0.13636363636363635,0.39197306153401923,-0.28786469624088984,D,31
2,E,0.11412281943722945,0.3181818181818182,0.5256607670935387,-0.41153794765630924,D,31
3,F,0.15897983887526612,0.4090909090909091,0.5275254343070392,-0.3685455954317731,D,31
0,C,0.0977279399473731,0.39473684210526316,0.5293566780927896,-0.4316287381454165,F,32
1,D,0.10410836529312936,0.34210526315789475,0.5294037194455898,-0.42529535415246045,F,32
2,E,0.11412281943722945,0.13157894736842105,0.38499992349423984,-0.2708771040570104,F,32
3,F,0.15897983887526612,0.13157894736842105,0.38499992349423984,-0.22602008461897372,F,32
0,C,0.0977279399473731,0.42424242424242425,0.5248045079458148,-0.4270765679984417,D,33
1,D,0.10410836529312936,0.12121212121212122,0.36901746901314586,-0.2649091037200165,D,33
2,E,0.11412281943722945,0.15151515151515152,0.4124948521925896,-0.2983720327553601,D,33
3,F,0.15897983887526612,0.30303030303030304,0.5219594013548761,-0.36297956247960994,D,33
0,C,0.0977279399473731,0.5,0.5,-0.4022720600526269,D,34
1,D,0.10410836529312936,0.10526315789473684,0.34188710667827216,-0.2377787413851428,D,34
2,E,0.11412281943722945,0.15789473684210525,0.42046815990354147,-0.306345340466312,D,34
3,F,0.15897983887526612,0.23684210526315788,0.49215848968451203,-0.3331786508092459,D,34
0,C,0.0977279399473731,0.2972972972972973,0.5202767355921128,-0.42254879564473974,F,35
1,D,0.10410836529312936,0.2702702702702703,0.5101419650652939,-0.40603359977216447,F,35
2,E,0.11412281943722945,0.2972972972972973,0.5202767355921128,-0.4061539161548834,F,35
3,F,0.15897983887526612,0.13513513513513514,0.3902061176677821,-0.231226278792516,F,35
0,C,0.0977279399473731,0.3142857142857143,0.5248104394681247,-0.42708249952075156,F,36
1,D,0.10410836529312936,0.2857142857142857,0.5163871205878868,-0.41227875529475744,F,36
2,E,0.11412281943722945,0.2857142857142857,0.5163871205878868,-0.40226430115065737,F,36
3,F,0.15897983887526612,0.11428571428571428,0.3576323447937104,-0.1986525059184443,F,36
0,C,0.0977279399473731,0.4,0.5287712379549449,-0.43104329800757174,D,37
1,D,0.10410836529312936,0.1,0.33219280948873625,-0.2280844441956069,D,37
2,E,0.11412281943722945,0.225,0.48420069602513627,-0.3700778765879068,D,37
3,F,0.15897983887526612,0.275,0.5121865309687679,-0.35320669209350175,D,37
0,C,0.0977279399473731,0.2857142857142857,0.5163871205878868,-0.4186591806405137,F,38
1,D,0.10410836529312936,0.17857142857142858,0.44382621913754317,-0.3397178538444138,F,38
2,E,0.11412281943722945,0.39285714285714285,0.5295412977722634,-0.415418478335034,F,38
3,F,0.15897983887526612,0.14285714285714285,0.40105070315108626,-0.24207086427582014,F,38
0,C,0.0977279399473731,0.3,0.5210896782498619,-0.42336173830248874,F,39
1,D,0.10410836529312936,0.3,0.5210896782498619,-0.41698131295673246,F,39
2,E,0.11412281943722945,0.23333333333333334,0.48989165716188005,-0.3757688377246506,F,39
3,F,0.15897983887526612,0.16666666666666666,0.430827083453526,-0.2718472445782599,F,39
0,C,0.0977279399473731,0.17777777777777778,0.44299610601416445,-0.34526816606679134,C,40
1,D,0.10410836529312936,0.3333333333333333,0.5283208335737187,-0.42421246828058934,C,40
2,E,0.11412281943722945,0.2222222222222222,0.48220555587606945,-0.36808273643884,C,40
3,F,0.15897983887526612,0.26666666666666666,0.5085041588289383,-0.34952431995367217,C,40
0,C,0.0977279399473731,0.34782608695652173,0.5299345934111349,-0.4322066534637618,F,41
1,D,0.10410836529312936,0.2608695652173913,0.5057215970441366,-0.40161323175100716,F,41
2,E,0.11412281943722945,0.17391304347826086,0.4388803401838283,-0.32475752074659886,F,41
3,F,0.15897983887526612,0.21739130434782608,0.47861605677601093,-0.3196362179007448,F,41
0,C,0.0977279399473731,0.13333333333333333,0.3875854127478025,-0.2898574728004294,C,42
1,D,0.10410836529312936,0.26666666666666666,0.5085041588289383,-0.4043957935358089,C,42
2,E,0.11412281943722945,0.3,0.5210896782498619,-0.4069668588126324,C,42
3,F,0.15897983887526612,0.3,0.5210896782498619,-0.36210983937459573,C,42
0,C,0.0977279399473731,0.34210526315789475,0.5294037194455898,-0.4316757794982167,F,43
1,D,0.10410836529312936,0.39473684210526316,0.5293566780927896,-0.42524831279966024,F,43
2,E,0.11412281943722945,0.15789473684210525,0.42046815990354147,-0.306345340466312,F,43
3,F,0.15897983887526612,0.10526315789473684,0.34188710667827216,-0.18290726780300604,F,43
0,C,0.0977279399473731,0.3333333333333333,0.5283208335737187,-0.4305928936263456,F,44
1,D,0.10410836529312936,0.2222222222222222,0.48220555587606945,-0.3780971905829401,F,44
2,E,0.11412281943722945,0.2962962962962963,0.5199666673076944,-0.4058438478704649,F,44
3,F,0.15897983887526612,0.14814814814814814,0.4081314818019953,-0.2491516429267292,F,44
0,C,0.0977279399473731,0.38461538461538464,0.5301967781745115,-0.4324688382271384,D,45
1,D,0.10410836529312936,0.09615384615384616,0.3248568868513202,-0.22074852155819083,D,45
2,E,0.11412281943722945,0.11538461538461539,0.3594781404715311,-0.24535532103430163,D,45
3,F,0.15897983887526612,0.40384615384615385,0.5282801577424802,-0.36930031886721404,D,45
0,C,0.0977279399473731,0.34285714285714286,0.5294813198481635,-0.4317533799007904,F,46
1,D,0.10410836529312936,0.22857142857142856,0.4866932610159923,-0.3825848957228629,F,46
2,E,0.11412281943722945,0.3142857142857143,0.5248104394681247,-0.4106876200308952,F,46
3,F,0.15897983887526612,0.11428571428571428,0.3576323447937104,-0.1986525059184443,F,46
0,C,0.0977279399473731,0.18518518518518517,0.45054803838446417,-0.35282009843709106,F,47
1,D,0.10410836529312936,0.14814814814814814,0.4081314818019953,-0.30402311650886593,F,47
2,E,0.11412281943722945,0.5925925925925926,0.4473407420227962,-0.33321792258556676,F,47
3,F,0.15897983887526612,0.07407407407407407,0.27813981497507173,-0.11915997609980561,F,47
0,C,0.0977279399473731,0.22727272727272727,0.48579625539771254,-0.38806831545033943,D,48
1,D,0.10410836529312936,0.1590909090909091,0.42192129263767847,-0.31781292734454913,D,48
2,E,0.11412281943722945,0.25,0.5,-0.38587718056277054,D,48
3,F,0.15897983887526612,0.36363636363636365,0.530702406777199,-0.3717225679019329,D,48
0,C,0.0977279399473731,0.3191489361702128,0.5258611455539741,-0.428133205606601,E,49
1,D,0.10410836529312936,0.2553191489361702,0.5028833236484632,-0.39877495835533383,E,49
2,E,0.11412281943722945,0.06382978723404255,0.2533804053802009,-0.13925758594297144,E,49
3,F,0.15897983887526612,0.3617021276595745,0.5306625995162567,-0.3716827606409906,E,49
0,C,0.0977279399473731,0.17857142857142858,0.44382621913754317,-0.34609827919017006,C,50
1,D,0.10410836529312936,0.2857142857142857,0.5163871205878868,-0.41227875529475744,C,50
2,E,0.11412281943722945,0.25,0.5,-0.38587718056277054,C,50
3,F,0.15897983887526612,0.2857142857142857,0.5163871205878868,-0.3574072817126207,C,50
0,C,0.0977279399473731,0.3055555555555556,0.522650755857088,-0.42492281590971487,E,51
1,D,0.10410836529312936,0.2222222222222222,0.48220555587606945,-0.3780971905829401,E,51
2,E,0.11412281943722945,0.1111111111111111,0.3522138890491458,-0.23809106961191634,E,51
3,F,0.15897983887526612,0.3611111111111111,0.5306474634143296,-0.37166762453906343,E,51
0,C,0.0977279399473731,0.2857142857142857,0.5163871205878868,-0.4186591806405137,F,52
1,D,0.10410836529312936,0.2571428571428571,0.503834918272111,-0.39972655297898163,F,52
2,E,0.11412281943722945,0.3142857142857143,0.5248104394681247,-0.4106876200308952,F,52
3,F,0.15897983887526612,0.14285714285714285,0.40105070315108626,-0.24207086427582014,F,52
0,C,0.0977279399473731,0.3333333333333333,0.5283208335737187,-0.4305928936263456,F,53
1,D,0.10410836529312936,0.3939393939393939,0.5294365822977484,-0.425328217004619,F,53
2,E,0.11412281943722945,0.18181818181818182,0.44716938520678134,-0.3330465657695519,F,53
3,F,0.15897983887526612,0.09090909090909091,0.3144937835124816,-0.15551394463721546,F,53
0,C,0.0977279399473731,0.13157894736842105,0.38499992349423984,-0.2872719835468667,C,54
1,D,0.10410836529312936,0.2894736842105263,0.5177224958649782,-0.4136141305718488,C,54
2,E,0.11412281943722945,0.3157894736842105,0.5251468461228724,-0.411024026685643,C,54
3,F,0.15897983887526612,0.2631578947368421,0.5068419522516376,-0.3478621133763715,C,54
0,C,0.0977279399473731,0.36538461538461536,0.5307256132548582,-0.4329976733074851,D,55
1,D,0.10410836529312936,0.17307692307692307,0.43797370096709654,-0.33386533567396715,D,55
2,E,0.11412281943722945,0.19230769230769232,0.45740608139494804,-0.3432832619577186,D,55
3,F,0.15897983887526612,0.2692307692307692,0.5096766758686314,-0.3506968369933653,D,55
0,C,0.0977279399473731,0.34210526315789475,0.5294037194455898,-0.4316757794982167,D,56
1,D,0.10410836529312936,0.13157894736842105,0.38499992349423984,-0.28089155820111045,D,56
2,E,0.11412281943722945,0.23684210526315788,0.49215848968451203,-0.3780356702472826,D,56
3,F,0.15897983887526612,0.2894736842105263,0.5177224958649782,-0.3587426569897121,D,56
0,C,0.0977279399473731,0.32608695652173914,0.5271754436245091,-0.42944750367713597,F,57
1,D,0.10410836529312936,0.2391304347826087,0.4935963850351494,-0.3894880197420201,F,57
2,E,0.11412281943722945,0.30434782608695654,0.5223238799128636,-0.4082010604756341,F,57
3,F,0.15897983887526612,0.13043478260869565,0.3832955811307639,-0.22431574225549777,F,57
0,C,0.0977279399473731,0.38461538461538464,0.5301967781745115,-0.4324688382271384,D,58
1,D,0.10410836529312936,0.07692307692307693,0.28464920908777636,-0.180540843794647,D,58
2,E,0.11412281943722945,0.3076923076923077,0.5232122209664899,-0.40908940152926043,D,58
3,F,0.15897983887526612,0.23076923076923078,0.48818705017383146,-0.32920721129856534,D,58
0,C,0.0977279399473731,0.4074074074074074,0.5277783229180698,-0.4300503829706967,E,59
1,D,0.10410836529312936,0.14814814814814814,0.4081314818019953,-0.30402311650886593,E,59
2,E,0.11412281943722945,0.14814814814814814,0.4081314818019953,-0.29400866236476586,E,59
3,F,0.15897983887526612,0.2962962962962963,0.5199666673076944,-0.36098682843242824,E,59
0,C,0.0977279399473731,0.05714285714285714,0.23595902953971234,-0.13823108959233926,C,60
1,D,0.10410836529312936,0.34285714285714286,0.5294813198481635,-0.4253729545550341,C,60
2,E,0.11412281943722945,0.42857142857142855,0.5238824662870492,-0.4097596468498197,C,60
3,F,0.15897983887526612,0.17142857142857143,0.4361692313526532,-0.27718939247738705,C,60
0,C,0.0977279399473731,0.17857142857142858,0.44382621913754317,-0.34609827919017006,E,61
1,D,0.10410836529312936,0.35714285714285715,0.5305095811322292,-0.42640121583909985,E,61
2,E,0.11412281943722945,0.14285714285714285,0.40105070315108626,-0.2869278837138568,E,61
3,F,0.15897983887526612,0.32142857142857145,0.5263167601977723,-0.36733692132250617,E,61
0,C,0.0977279399473731,0.4166666666666667,0.5262643357640807,-0.4285363958167076,F,62
1,D,0.10410836529312936,0.2222222222222222,0.48220555587606945,-0.3780971905829401,F,62
2,E,0.11412281943722945,0.19444444444444445,0.45938862654702667,-0.3452658071097972,F,62
3,F,0.15897983887526612,0.16666666666666666,0.430827083453526,-0.2718472445782599,F,62
0,C,0.0977279399473731,0.2972972972972973,0.5202767355921128,-0.42254879564473974,F,63
1,D,0.10410836529312936,0.3783783783783784,0.530523735405374,-0.4264153701122446,F,63
2,E,0.11412281943722945,0.21621621621621623,0.4777196466224756,-0.36359682718524616,F,63
3,F,0.15897983887526612,0.10810810810810811,0.34696793141934595,-0.18798809254407983,F,63
0,C,0.0977279399473731,0.2,0.46438561897747244,-0.3666576790300993,F,64
1,D,0.10410836529312936,0.4,0.5287712379549449,-0.42466287266181546,F,64
2,E,0.11412281943722945,0.2,0.46438561897747244,-0.350262799540243,F,64
3,F,0.15897983887526612,0.2,0.46438561897747244,-0.3054057801022063,F,64
0,C,0.0977279399473731,0.25806451612903225,0.5043087252611291,-0.406580785313756,E,65
1,D,0.10410836529312936,0.25806451612903225,0.5043087252611291,-0.40020035996799974,E,65
2,E,0.11412281943722945,0.12903225806451613,0.3811866206950807,-0.26706380125785123,E,65
3,F,0.15897983887526612,0.3548387096774194,0.5304003744917857,-0.37142053561651955,E,65
0,C,0.0977279399473731,0.13157894736842105,0.38499992349423984,-0.2872719835468667,E,66
1,D,0.10410836529312936,0.39473684210526316,0.5293566780927896,-0.42524831279966024,E,66
2,E,0.11412281943722945,0.13157894736842105,0.38499992349423984,-0.2708771040570104,E,66
3,F,0.15897983887526612,0.34210526315789475,0.5294037194455898,-0.3704238805703237,E,66
0,C,0.0977279399473731,0.27586206896551724,0.5125464814145027,-0.41481854146712954,E,67
1,D,0.10410836529312936,0.27586206896551724,0.5125464814145027,-0.40843811612137326,E,67
2,E,0.11412281943722945,0.10344827586206896,0.33858812011100853,-0.22446530067377907,E,67
3,F,0.15897983887526612,0.3448275862068966,0.5296734138759344,-0.37069357500066824,E,67
0,C,0.0977279399473731,0.28,0.5142203549607938,-0.41649241501342066,F,68
1,D,0.10410836529312936,0.48,0.5082689707457129,-0.4041606054525835,F,68
2,E,0.11412281943722945,0.12,0.3670672426864282,-0.25294442324919875,F,68
3,F,0.15897983887526612,0.12,0.3670672426864282,-0.20808740381116209,F,68
0,C,0.0977279399473731,0.35,0.5301006104904153,-0.43237267054304224,F,69
1,D,0.10410836529312936,0.3,0.5210896782498619,-0.41698131295673246,F,69
2,E,0.11412281943722945,0.25,0.5,-0.38587718056277054,F,69
3,F,0.15897983887526612,0.1,0.33219280948873625,-0.17321297061347013,F,69
0,C,0.0977279399473731,0.358974358974359,0.5305810809042313,-0.4328531409568582,E,70
1,D,0.10410836529312936,0.3333333333333333,0.5283208335737187,-0.42421246828058934,E,70
2,E,0.11412281943722945,0.07692307692307693,0.28464920908777636,-0.1705263896505469,E,70
3,F,0.15897983887526612,0.23076923076923078,0.48818705017383146,-0.32920721129856534,E,70
0,C,0.0977279399473731,0.24,0.4941344853728565,-0.39640654542548337,E,71
1,D,0.10410836529312936,0.28,0.5142203549607938,-0.4101119896676644,E,71
2,E,0.11412281943722945,0.2,0.46438561897747244,-0.350262799540243,E,71
3,F,0.15897983887526612,0.28,0.5142203549607938,-0.35524051608552765,E,71
0,C,0.0977279399473731,0.21875,0.4796411107998991,-0.38191317085252596,D,72
1,D,0.10410836529312936,0.15625,0.4184487351738497,-0.31434036988072034,D,72
2,E,0.11412281943722945,0.1875,0.45281953111478324,-0.3386967116775538,D,72
3,F,0.15897983887526612,0.4375,0.5217822215997981,-0.362802382724532,D,72
0,C,0.0977279399473731,0.3,0.5210896782498619,-0.42336173830248874,E,73
1,D,0.10410836529312936,0.275,0.5121865309687679,-0.4080781656756385,E,73
2,E,0.11412281943722945,0.175,0.4400503052452077,-0.32592748580797826,E,73
3,F,0.15897983887526612,0.25,0.5,-0.3410201611247339,E,73
0,C,0.0977279399473731,0.358974358974359,0.5305810809042313,-0.4328531409568582,D,74
1,D,0.10410836529312936,0.15384615384615385,0.4154522643293988,-0.31134389903626947,D,74
2,E,0.11412281943722945,0.2564102564102564,0.503454903583304,-0.38933208414607456,D,74
3,F,0.15897983887526612,0.23076923076923078,0.48818705017383146,-0.32920721129856534,D,74
0,C,0.0977279399473731,0.2222222222222222,0.48220555587606945,-0.38447761592869634,E,75
1,D,0.10410836529312936,0.3888888888888889,0.5298883642051643,-0.4257799989120349,E,75
2,E,0.11412281943722945,0.08333333333333333,0.29874687506009634,-0.18462405562286688,E,75
3,F,0.15897983887526612,0.3055555555555556,0.522650755857088,-0.36367091698182186,E,75
0,C,0.0977279399473731,0.3333333333333333,0.5283208335737187,-0.4305928936263456,D,76
1,D,0.10410836529312936,0.09523809523809523,0.32307784978845333,-0.21896948449532397,D,76
2,E,0.11412281943722945,0.2857142857142857,0.5163871205878868,-0.40226430115065737,D,76
3,F,0.15897983887526612,0.2857142857142857,0.5163871205878868,-0.3574072817126207,D,76
0,C,0.0977279399473731,0.2631578947368421,0.5068419522516376,-0.40911401230426453,D,77
1,D,0.10410836529312936,0.15789473684210525,0.42046815990354147,-0.3163597946104121,D,77
2,E,0.11412281943722945,0.18421052631578946,0.44957916157110184,-0.3354563421338724,D,77
3,F,0.15897983887526612,0.39473684210526316,0.5293566780927896,-0.3703768392175235,D,77
0,C,0.0977279399473731,0.3,0.5210896782498619,-0.42336173830248874,D,78
1,D,0.10410836529312936,0.13333333333333333,0.3875854127478025,-0.28347704745467317,D,78
2,E,0.11412281943722945,0.3333333333333333,0.5283208335737187,-0.41419801413648927,D,78
3,F,0.15897983887526612,0.23333333333333334,0.48989165716188005,-0.3309118182866139,D,78
0,C,0.0977279399473731,0.391304347826087,0.5296840257187958,-0.4319560857714227,F,79
1,D,0.10410836529312936,0.17391304347826086,0.4388803401838283,-0.334771974890699,F,79
2,E,0.11412281943722945,0.2608695652173913,0.5057215970441366,-0.3915987776069071,F,79
3,F,0.15897983887526612,0.17391304347826086,0.4388803401838283,-0.2799005013085622,F,79
0,C,0.0977279399473731,0.2857142857142857,0.5163871205878868,-0.4186591806405137,F,80
1,D,0.10410836529312936,0.21428571428571427,0.4762269474292389,-0.3721185821361095,F,80
2,E,0.11412281943722945,0.32142857142857145,0.5263167601977723,-0.41219394076054283,F,80
3,F,0.15897983887526612,0.17857142857142858,0.44382621913754317,-0.28484638026227704,F,80
0,C,0.0977279399473731,0.25,0.5,-0.4022720600526269,F,81
1,D,0.10410836529312936,0.25,0.5,-0.3958916347068706,F,81
2,E,0.11412281943722945,0.3333333333333333,0.5283208335737187,-0.41419801413648927,F,81
3,F,0.15897983887526612,0.16666666666666666,0.430827083453526,-0.2718472445782599,F,81
0,C,0.0977279399473731,0.2826086956521739,0.5152301976718906,-0.4175022577245175,F,82
1,D,0.10410836529312936,0.34782608695652173,0.5299345934111349,-0.4258262281180055,F,82
2,E,0.11412281943722945,0.2391304347826087,0.4935963850351494,-0.37947356559791995,F,82
3,F,0.15897983887526612,0.13043478260869565,0.3832955811307639,-0.22431574225549777,F,82
0,C,0.0977279399473731,0.32142857142857145,0.5263167601977723,-0.4285888202503992,F,83
1,D,0.10410836529312936,0.25,0.5,-0.3958916347068706,F,83
2,E,0.11412281943722945,0.25,0.5,-0.38587718056277054,F,83
3,F,0.15897983887526612,0.17857142857142858,0.44382621913754317,-0.28484638026227704,F,83
0,C,0.0977279399473731,0.25,0.5,-0.4022720600526269,F,84
1,D,0.10410836529312936,0.21875,0.4796411107998991,-0.37553274550676974,F,84
2,E,0.11412281943722945,0.21875,0.4796411107998991,-0.3655182913626696,F,84
3,F,0.15897983887526612,0.3125,0.5243974703476992,-0.3654176314724331,F,84
0,C,0.0977279399473731,0.14814814814814814,0.4081314818019953,-0.3104035418546222,C,85
1,D,0.10410836529312936,0.2222222222222222,0.48220555587606945,-0.3780971905829401,C,85
2,E,0.11412281943722945,0.3333333333333333,0.5283208335737187,-0.41419801413648927,C,85
3,F,0.15897983887526612,0.2962962962962963,0.5199666673076944,-0.36098682843242824,C,85
0,C,0.0977279399473731,0.20588235294117646,0.4694339833632102,-0.3717060434158371,F,86
1,D,0.10410836529312936,0.23529411764705882,0.49116772735302106,-0.38705936205989167,F,86
2,E,0.11412281943722945,0.3235294117647059,0.5267159837865725,-0.412593164349343,F,86
3,F,0.15897983887526612,0.23529411764705882,0.49116772735302106,-0.33218788847775493,F,86
0,C,0.0977279399473731,0.23076923076923078,0.48818705017383146,-0.39045911022645835,F,87
1,D,0.10410836529312936,0.3076923076923077,0.5232122209664899,-0.4191038556733605,F,87
2,E,0.11412281943722945,0.2692307692307692,0.5096766758686314,-0.39555385643140195,F,87
3,F,0.15897983887526612,0.19230769230769232,0.45740608139494804,-0.2984262425196819,F,87
0,C,0.0977279399473731,0.15384615384615385,0.4154522643293988,-0.3177243243820257,E,88
1,D,0.10410836529312936,0.5128205128205128,0.4940892943460954,-0.389980929052966,E,88
2,E,0.11412281943722945,0.1282051282051282,0.3799325799967802,-0.26580976055955075,E,88
3,F,0.15897983887526612,0.20512820512820512,0.4688004551512304,-0.3098206162759643,E,88
0,C,0.0977279399473731,0.15789473684210525,0.42046815990354147,-0.32274021995616836,F,89
1,D,0.10410836529312936,0.2631578947368421,0.5068419522516376,-0.40273358695850825,F,89
2,E,0.11412281943722945,0.42105263157894735,0.5254431635551939,-0.4113203441179645,F,89
3,F,0.15897983887526612,0.15789473684210525,0.42046815990354147,-0.26148832102827535,F,89
0,C,0.0977279399473731,0.34285714285714286,0.5294813198481635,-0.4317533799007904,F,90
1,D,0.10410836529312936,0.2571428571428571,0.503834918272111,-0.39972655297898163,F,90
2,E,0.11412281943722945,0.22857142857142856,0.4866932610159923,-0.37257044157876285,F,90
3,F,0.15897983887526612,0.17142857142857143,0.4361692313526532,-0.27718939247738705,F,90
0,C,0.0977279399473731,0.20454545454545456,0.46830817169897415,-0.37058023175160104,E,91
1,D,0.10410836529312936,0.29545454545454547,0.5197021524193334,-0.415593787126204,E,91
2,E,0.11412281943722945,0.18181818181818182,0.44716938520678134,-0.3330465657695519,E,91
3,F,0.15897983887526612,0.3181818181818182,0.5256607670935387,-0.3666809282182726,E,91
0,C,0.0977279399473731,0.07142857142857142,0.2719539230041146,-0.17422598305674147,C,92
1,D,0.10410836529312936,0.35714285714285715,0.5305095811322292,-0.42640121583909985,C,92
2,E,0.11412281943722945,0.2619047619047619,0.5062319963227642,-0.3921091768855347,C,92
3,F,0.15897983887526612,0.30952380952380953,0.5236764323878497,-0.36469659351258354,C,92
0,C,0.0977279399473731,0.30303030303030304,0.5219594013548761,-0.42423146140750295,F,93
1,D,0.10410836529312936,0.3939393939393939,0.5294365822977484,-0.425328217004619,F,93
2,E,0.11412281943722945,0.18181818181818182,0.44716938520678134,-0.3330465657695519,F,93
3,F,0.15897983887526612,0.12121212121212122,0.36901746901314586,-0.21003763013787974,F,93
0,C,0.0977279399473731,0.21875,0.4796411107998991,-0.38191317085252596,E,94
1,D,0.10410836529312936,0.28125,0.5147085933443496,-0.4106002280512202,E,94
2,E,0.11412281943722945,0.15625,0.4184487351738497,-0.3043259157366202,E,94
3,F,0.15897983887526612,0.34375,0.529570381093429,-0.3705905422181629,E,94
0,C,0.0977279399473731,0.16666666666666666,0.430827083453526,-0.3330991435061529,F,95
1,D,0.10410836529312936,0.4166666666666667,0.5262643357640807,-0.4221559704709513,F,95
2,E,0.11412281943722945,0.20833333333333334,0.47146550121537373,-0.35734268177814427,F,95
3,F,0.15897983887526612,0.20833333333333334,0.47146550121537373,-0.3124856623401076,F,95
0,C,0.0977279399473731,0.3333333333333333,0.5283208335737187,-0.4305928936263456,E,96
1,D,0.10410836529312936,0.21212121212121213,0.47452346609411955,-0.37041510080099016,E,96
2,E,0.11412281943722945,0.09090909090909091,0.3144937835124816,-0.20037096407525212,E,96
3,F,0.15897983887526612,0.36363636363636365,0.530702406777199,-0.3717225679019329,E,96
0,C,0.0977279399473731,0.25,0.5,-0.4022720600526269,F,97
1,D,0.10410836529312936,0.375,0.5306390622295665,-0.4265306969364371,F,97
2,E,0.11412281943722945,0.20833333333333334,0.47146550121537373,-0.35734268177814427,F,97
3,F,0.15897983887526612,0.16666666666666666,0.430827083453526,-0.2718472445782599,F,97
0,C,0.0977279399473731,0.1935483870967742,0.45856138251594564,-0.3608334425685725,F,98
1,D,0.10410836529312936,0.2903225806451613,0.5180142509839053,-0.4139058856907759,F,98
2,E,0.11412281943722945,0.25806451612903225,0.5043087252611291,-0.39018590582389967,F,98
3,F,0.15897983887526612,0.25806451612903225,0.5043087252611291,-0.345328886385863,F,98
0,C,0.0977279399473731,0.30303030303030304,0.5219594013548761,-0.42423146140750295,D,99
1,D,0.10410836529312936,0.15151515151515152,0.4124948521925896,-0.30838648689946024,D,99
2,E,0.11412281943722945,0.21212121212121213,0.47452346609411955,-0.3604006466568901,D,99
3,F,0.15897983887526612,0.3333333333333333,0.5283208335737187,-0.3693409946984526,D,99
0,C,0.0977279399473731,0.35135135135135137,0.5301939842524905,-0.4324660443051174,F,100
1,D,0.10410836529312936,0.2702702702702703,0.5101419650652939,-0.40603359977216447,F,100
2,E,0.11412281943722945,0.1891891891891892,0.4544510568918762,-0.34032823745464674,F,100
3,F,0.15897983887526612,0.1891891891891892,0.4544510568918762,-0.2954712180166101,F,100
